-- Tạo bảng Students
CREATE TABLE Students (
    student_id VARCHAR(8) PRIMARY KEY, 
    student_name VARCHAR(100) NOT NULL,
    birthdate DATE,
    major VARCHAR(50),
    phone_number VARCHAR(15),
    email VARCHAR(100)
);

-- Thêm dữ liệu vào bảng Students (140 sinh viên)
INSERT INTO Students (student_id, student_name, birthdate, major, phone_number, email)
VALUES
('HE190001', 'Nguyen Thi A', '2004-12-30', 'Software Engineering', '0934820269', 'a.nguyen@example.com'),
('HE190002', 'Tran Minh B', '2002-02-02', 'Artificial Intelligence', '0919823063', 'b.tran@example.com'),
('HE190003', 'Le Thi C', '2003-08-06', 'Software Engineering', '0982887480', 'c.le@example.com'),
('HE190004', 'Pham Minh D', '2003-12-22', 'Software Engineering', '0914973373', 'd.pham@example.com'),
('HE190005', 'Hoang Thi E', '2004-03-24', 'Artificial Intelligence', '0905575387', 'e.hoang@example.com'),
('HE190006', 'Nguyen Minh F', '2003-06-15', 'Information Safety', '0912345678', 'f.nguyen@example.com'),
('HE190007', 'Nguyen Thi G', '2000-11-21', 'Software Engineering', '0987654321', 'g.nguyen@example.com'),
('HE190008', 'Tran Minh H', '2001-03-15', 'Artificial Intelligence', '0937562831', 'h.tran@example.com'),
('HE190009', 'Le Thi I', '2002-07-11', 'Information Safety', '0912345679', 'i.le@example.com'),
('HE190010', 'Pham Minh J', '2004-05-16', 'Software Engineering', '0903467281', 'j.pham@example.com'),
('HE190011', 'Hoang Thi K', '2000-09-09', 'Artificial Intelligence', '0921345678', 'k.hoang@example.com'),
('HE190012', 'Nguyen Thi L', '2003-05-24', 'Software Engineering', '0931234567', 'l.nguyen@example.com'),
('HE190013', 'Tran Minh M', '2004-12-11', 'Information Safety', '0918765432', 'm.tran@example.com'),
('HE190014', 'Le Thi N', '2002-04-14', 'Artificial Intelligence', '0986574839', 'n.le@example.com'),
('HE190015', 'Pham Minh O', '2001-08-30', 'Software Engineering', '0904527163', 'o.pham@example.com'),
('HE190016', 'Nguyen Thi P', '2000-03-10', 'Software Engineering', '0988999988', 'p.nguyen@example.com'),
('HE190017', 'Tran Minh Q', '2004-06-05', 'Artificial Intelligence', '0912223344', 'q.tran@example.com'),
('HE190018', 'Le Thi R', '2003-07-20', 'Information Safety', '0906782345', 'r.le@example.com'),
('HE190019', 'Pham Minh S', '2002-11-19', 'Software Engineering', '0922334455', 's.pham@example.com'),
('HE190020', 'Hoang Thi T', '2004-08-25', 'Artificial Intelligence', '0915566778', 't.hoang@example.com'),
('HE190021', 'Nguyen Van U', '2001-01-12', 'Software Engineering', '0934567890', 'u.nguyen@example.com'),
('HE190022', 'Tran Thi V', '2003-10-05', 'Information Safety', '0913456789', 'v.tran@example.com'),
('HE190023', 'Le Minh W', '2002-06-18', 'Artificial Intelligence', '0987654322', 'w.le@example.com'),
('HE190024', 'Pham Thi X', '2004-02-28', 'Software Engineering', '0901234567', 'x.pham@example.com'),
('HE190025', 'Hoang Minh Y', '2000-12-01', 'Information Safety', '0923456789', 'y.hoang@example.com'),
('HE190026', 'Nguyen Thi Z1', '2003-03-17', 'Software Engineering', '0916782345', 'z1.nguyen@example.com'),
('HE190027', 'Tran Van A1', '2002-09-23', 'Artificial Intelligence', '0935678901', 'a1.tran@example.com'),
('HE190028', 'Le Thi B1', '2001-07-07', 'Information Safety', '0982345678', 'b1.le@example.com'),
('HE190029', 'Pham Minh C1', '2004-11-30', 'Software Engineering', '0908765432', 'c1.pham@example.com'),
('HE190030', 'Hoang Thi D1', '2003-04-19', 'Artificial Intelligence', '0926789012', 'd1.hoang@example.com'),
('HE190031', 'Nguyen Van E1', '2000-05-25', 'Software Engineering', '0918901234', 'e1.nguyen@example.com'),
('HE190032', 'Tran Thi F1', '2002-08-14', 'Information Safety', '0930123456', 'f1.tran@example.com'),
('HE190033', 'Le Minh G1', '2004-06-09', 'Artificial Intelligence', '0989012345', 'g1.le@example.com'),
('HE190034', 'Pham Thi H1', '2001-02-13', 'Software Engineering', '0905678901', 'h1.pham@example.com'),
('HE190035', 'Hoang Van I1', '2003-10-27', 'Information Safety', '0923456780', 'i1.hoang@example.com'),
('HE190036', 'Nguyen Thi J1', '2000-12-15', 'Software Engineering', '0912348901', 'j1.nguyen@example.com'),
('HE190037', 'Tran Minh K1', '2002-03-22', 'Artificial Intelligence', '0936789012', 'k1.tran@example.com'),
('HE190038', 'Le Thi L1', '2004-07-31', 'Information Safety', '0981234567', 'l1.le@example.com'),
('HE190039', 'Pham Van M1', '2001-09-08', 'Software Engineering', '0908901234', 'm1.pham@example.com'),
('HE190040', 'Hoang Thi N1', '2003-11-12', 'Artificial Intelligence', '0925678901', 'n1.hoang@example.com'),
('HE190041', 'Nguyen Van O1', '2000-01-19', 'Software Engineering', '0913456780', 'o1.nguyen@example.com'),
('HE190042', 'Tran Thi P1', '2002-04-25', 'Information Safety', '0938901234', 'p1.tran@example.com'),
('HE190043', 'Le Minh Q1', '2004-08-03', 'Artificial Intelligence', '0985678901', 'q1.le@example.com'),
('HE190044', 'Pham Thi R1', '2001-10-10', 'Software Engineering', '0901238901', 'r1.pham@example.com'),
('HE190045', 'Hoang Van S1', '2003-12-24', 'Information Safety', '0926781234', 's1.hoang@example.com'),
('HE190046', 'Nguyen Thi T1', '2000-02-29', 'Software Engineering', '0918905678', 't1.nguyen@example.com'),
('HE190047', 'Tran Minh U1', '2002-05-06', 'Artificial Intelligence', '0931238901', 'u1.tran@example.com'),
('HE190048', 'Le Thi V1', '2004-09-14', 'Information Safety', '0989015678', 'v1.le@example.com'),
('HE190049', 'Pham Van W1', '2001-11-21', 'Software Engineering', '0905671234', 'w1.pham@example.com'),
('HE190050', 'Hoang Thi X1', '2003-01-05', 'Artificial Intelligence', '0923458901', 'x1.hoang@example.com'),
('HE190051', 'Nguyen Van Y1', '2000-03-12', 'Software Engineering', '0916789012', 'y1.nguyen@example.com'),
('HE190052', 'Tran Thi Z2', '2002-06-19', 'Information Safety', '0938905678', 'z2.tran@example.com'),
('HE190053', 'Le Minh A2', '2004-10-26', 'Artificial Intelligence', '0981238901', 'a2.le@example.com'),
('HE190054', 'Pham Thi B2', '2001-12-03', 'Software Engineering', '0909015678', 'b2.pham@example.com'),
('HE190055', 'Hoang Van C2', '2003-02-17', 'Information Safety', '0926785678', 'c2.hoang@example.com'),
('HE190056', 'Nguyen Thi D2', '2000-04-24', 'Software Engineering', '0913458901', 'd2.nguyen@example.com'),
('HE190057', 'Tran Minh E2', '2002-07-01', 'Artificial Intelligence', '0935671234', 'e2.tran@example.com'),
('HE190058', 'Le Thi F2', '2004-11-08', 'Information Safety', '0989018901', 'f2.le@example.com'),
('HE190059', 'Pham Van G2', '2001-01-15', 'Software Engineering', '0901235678', 'g2.pham@example.com'),
('HE190060', 'Hoang Thi H2', '2003-03-29', 'Artificial Intelligence', '0928901234', 'h2.hoang@example.com'),
('HE190061', 'Nguyen Van I2', '2000-05-06', 'Software Engineering', '0916785678', 'i2.nguyen@example.com'),
('HE190062', 'Tran Thi J2', '2002-08-13', 'Information Safety', '0933458901', 'j2.tran@example.com'),
('HE190063', 'Le Minh K2', '2004-12-20', 'Artificial Intelligence', '0985679012', 'k2.le@example.com'),
('HE190064', 'Pham Thi L2', '2001-02-27', 'Software Engineering', '0909012345', 'l2.pham@example.com'),
('HE190065', 'Hoang Van M2', '2003-04-03', 'Information Safety', '0921235678', 'm2.hoang@example.com'),
('HE190066', 'Nguyen Thi N2', '2000-06-10', 'Software Engineering', '0918909012', 'n2.nguyen@example.com'),
('HE190067', 'Tran Minh O2', '2002-09-17', 'Artificial Intelligence', '0935678901', 'o2.tran@example.com'),
('HE190068', 'Le Thi P2', '2004-01-24', 'Information Safety', '0981239012', 'p2.le@example.com'),
('HE190069', 'Pham Van Q2', '2001-03-31', 'Software Engineering', '0903456789', 'q2.pham@example.com'),
('HE190070', 'Hoang Thi R2', '2003-05-07', 'Artificial Intelligence', '0926789012', 'r2.hoang@example.com'),
('HE190071', 'Nguyen Van S2', '2000-07-14', 'Software Engineering', '0918903456', 's2.nguyen@example.com'),
('HE190072', 'Tran Thi T2', '2002-10-21', 'Information Safety', '0931235678', 't2.tran@example.com'),
('HE190073', 'Le Minh U2', '2004-02-28', 'Artificial Intelligence', '0989013456', 'u2.le@example.com'),
('HE190074', 'Pham Thi V2', '2001-04-04', 'Software Engineering', '0905679012', 'v2.pham@example.com'),
('HE190075', 'Hoang Van W2', '2003-06-11', 'Information Safety', '0923459012', 'w2.hoang@example.com'),
('HE190076', 'Nguyen Thi X2', '2000-08-18', 'Software Engineering', '0916781234', 'x2.nguyen@example.com'),
('HE190077', 'Tran Minh Y2', '2002-11-25', 'Artificial Intelligence', '0938903456', 'y2.tran@example.com'),
('HE190078', 'Le Thi Z3', '2004-03-02', 'Information Safety', '0981236789', 'z3.le@example.com'),
('HE190079', 'Pham Van A3', '2001-05-09', 'Software Engineering', '0909016789', 'a3.pham@example.com'),
('HE190080', 'Hoang Thi B3', '2003-07-16', 'Artificial Intelligence', '0925671234', 'b3.hoang@example.com'),
('HE190081', 'Nguyen Van C3', '2000-09-23', 'Software Engineering', '0913459012', 'c3.nguyen@example.com'),
('HE190082', 'Tran Thi D3', '2002-12-30', 'Information Safety', '0936783456', 'd3.tran@example.com'),
('HE190083', 'Le Minh E3', '2004-04-06', 'Artificial Intelligence', '0989016789', 'e3.le@example.com'),
('HE190084', 'Pham Thi F3', '2001-06-13', 'Software Engineering', '0901239012', 'f3.pham@example.com'),
('HE190085', 'Hoang Van G3', '2003-08-20', 'Information Safety', '0928903456', 'g3.hoang@example.com'),
('HE190086', 'Nguyen Thi H3', '2000-10-27', 'Software Engineering', '0916789012', 'h3.nguyen@example.com'),
('HE190087', 'Tran Minh I3', '2002-01-03', 'Artificial Intelligence', '0933456789', 'i3.tran@example.com'),
('HE190088', 'Le Thi J3', '2004-05-10', 'Information Safety', '0985673456', 'j3.le@example.com'),
('HE190089', 'Pham Van K3', '2001-07-17', 'Software Engineering', '0909013456', 'k3.pham@example.com'),
('HE190090', 'Hoang Thi L3', '2003-09-24', 'Artificial Intelligence', '0921239012', 'l3.hoang@example.com'),
('HE190091', 'Nguyen Van M3', '2000-11-30', 'Software Engineering', '0918906789', 'm3.nguyen@example.com'),
('HE190092', 'Tran Thi N3', '2002-02-06', 'Information Safety', '0935679012', 'n3.tran@example.com'),
('HE190093', 'Le Minh O3', '2004-06-13', 'Artificial Intelligence', '0981233456', 'o3.le@example.com'),
('HE190094', 'Pham Thi P3', '2001-08-20', 'Software Engineering', '0903459012', 'p3.pham@example.com'),
('HE190095', 'Hoang Van Q3', '2003-10-27', 'Information Safety', '0926783456', 'q3.hoang@example.com'),
('HE190096', 'Nguyen Thi R3', '2000-12-04', 'Software Engineering', '0918901234', 'r3.nguyen@example.com'),
('HE190097', 'Tran Minh S3', '2002-03-11', 'Artificial Intelligence', '0931239012', 's3.tran@example.com'),
('HE190098', 'Le Thi T3', '2004-07-18', 'Information Safety', '0989011234', 't3.le@example.com'),
('HE190099', 'Pham Van U3', '2001-09-25', 'Software Engineering', '0905673456', 'u3.pham@example.com'),
('HE190100', 'Hoang Thi V3', '2003-11-01', 'Artificial Intelligence', '0923456789', 'v3.hoang@example.com'),
('HE190101', 'Nguyen Van W3', '2000-01-08', 'Software Engineering', '0916783456', 'w3.nguyen@example.com'),
('HE190102', 'Tran Thi X3', '2002-04-15', 'Information Safety', '0938901234', 'x3.tran@example.com'),
('HE190103', 'Le Minh Y3', '2004-08-22', 'Artificial Intelligence', '0981235678', 'y3.le@example.com'),
('HE190104', 'Pham Thi Z4', '2001-10-29', 'Software Engineering', '0909011234', 'z4.pham@example.com'),
('HE190105', 'Hoang Van A4', '2003-12-06', 'Information Safety', '0925679012', 'a4.hoang@example.com'),
('HE190106', 'Nguyen Thi B4', '2000-02-12', 'Software Engineering', '0913451234', 'b4.nguyen@example.com'),
('HE190107', 'Tran Minh C4', '2002-05-19', 'Artificial Intelligence', '0936789012', 'c4.tran@example.com'),
('HE190108', 'Le Thi D4', '2004-09-26', 'Information Safety', '0989015678', 'd4.le@example.com'),
('HE190109', 'Pham Van E4', '2001-11-02', 'Software Engineering', '0901233456', 'e4.pham@example.com'),
('HE190110', 'Hoang Thi F4', '2003-01-09', 'Artificial Intelligence', '0928905678', 'f4.hoang@example.com'),
('HE190111', 'Nguyen Van G4', '2000-03-16', 'Software Engineering', '0916781234', 'g4.nguyen@example.com'),
('HE190112', 'Tran Thi H4', '2002-06-23', 'Information Safety', '0933459012', 'h4.tran@example.com'),
('HE190113', 'Le Minh I4', '2004-10-30', 'Artificial Intelligence', '0985671234', 'i4.le@example.com'),
('HE190114', 'Pham Thi J4', '2001-12-07', 'Software Engineering', '0909015678', 'j4.pham@example.com'),
('HE190115', 'Hoang Van K4', '2003-02-13', 'Information Safety', '0921233456', 'k4.hoang@example.com'),
('HE190116', 'Nguyen Thi L4', '2000-04-20', 'Software Engineering', '0918909012', 'l4.nguyen@example.com'),
('HE190117', 'Tran Minh M4', '2002-07-27', 'Artificial Intelligence', '0935673456', 'm4.tran@example.com'),
('HE190118', 'Le Thi N4', '2004-11-03', 'Information Safety', '0981239012', 'n4.le@example.com'),
('HE190119', 'Pham Van O4', '2001-01-10', 'Software Engineering', '0903451234', 'o4.pham@example.com'),
('HE190120', 'Hoang Thi P4', '2003-03-17', 'Artificial Intelligence', '0926789012', 'p4.hoang@example.com'),
('HE190121', 'Nguyen Van Q4', '2000-05-24', 'Software Engineering', '0918905678', 'q4.nguyen@example.com'),
('HE190122', 'Tran Thi R4', '2002-08-31', 'Information Safety', '0931233456', 'r4.tran@example.com'),
('HE190123', 'Le Minh S4', '2004-12-08', 'Artificial Intelligence', '0989011234', 's4.le@example.com'),
('HE190124', 'Pham Thi T4', '2001-02-14', 'Software Engineering', '0905679012', 't4.pham@example.com'),
('HE190125', 'Hoang Van U4', '2003-04-21', 'Information Safety', '0923451234', 'u4.hoang@example.com'),
('HE190126', 'Nguyen Thi V4', '2000-06-28', 'Software Engineering', '0916789012', 'v4.nguyen@example.com'),
('HE190127', 'Tran Minh W4', '2002-10-05', 'Artificial Intelligence', '0938905678', 'w4.tran@example.com'),
('HE190128', 'Le Thi X4', '2004-01-12', 'Information Safety', '0981233456', 'x4.le@example.com'),
('HE190129', 'Pham Van Y4', '2001-03-19', 'Software Engineering', '0909019012', 'y4.pham@example.com'),
('HE190130', 'Hoang Thi Z5', '2003-05-26', 'Artificial Intelligence', '0925673456', 'z5.hoang@example.com'),
('HE190131', 'Nguyen Van A5', '2000-07-02', 'Software Engineering', '0913459012', 'a5.nguyen@example.com'),
('HE190132', 'Tran Thi B5', '2002-09-09', 'Information Safety', '0936781234', 'b5.tran@example.com'),
('HE190133', 'Le Minh C5', '2004-11-16', 'Artificial Intelligence', '0989019012', 'c5.le@example.com'),
('HE190134', 'Pham Thi D5', '2001-01-23', 'Software Engineering', '0901235678', 'd5.pham@example.com'),
('HE190135', 'Hoang Van E5', '2003-03-30', 'Information Safety', '0928909012', 'e5.hoang@example.com'),
('HE190136', 'Nguyen Thi F5', '2000-06-06', 'Software Engineering', '0916783456', 'f5.nguyen@example.com'),
('HE190137', 'Tran Minh G5', '2002-08-13', 'Artificial Intelligence', '0933451234', 'g5.tran@example.com'),
('HE190138', 'Le Thi H5', '2004-10-20', 'Information Safety', '0985679012', 'h5.le@example.com'),
('HE190139', 'Pham Van I5', '2001-12-27', 'Software Engineering', '0909013456', 'i5.pham@example.com'),
('HE190140', 'Nguyen Thi Z', '2003-09-14', 'Information Safety', '0934713895', 'z.nguyen@example.com');

-- Tạo bảng Subjects
CREATE TABLE Subjects (
    subject_id INT PRIMARY KEY,
    subject_name VARCHAR(100) NOT NULL,
    credits INT
);

-- Thêm dữ liệu vào bảng Subjects
INSERT INTO Subjects (subject_id, subject_name, credits)
VALUES
(1, 'Software Design', 3),
(2, 'Data Structures', 4),
(3, 'Algorithms', 3),
(4, 'Computer Networks', 4),
(5, 'Operating Systems', 3);

-- Tạo bảng Teachers
CREATE TABLE Teachers (
    teacher_id INT PRIMARY KEY,
    teacher_name VARCHAR(100) NOT NULL,
    department VARCHAR(50),
    email VARCHAR(100)
);

-- Thêm dữ liệu vào bảng Teachers
INSERT INTO Teachers (teacher_id, teacher_name, department, email)
VALUES
(1, 'Nguyen Thi G', 'Software Engineering', 'g.nguyen@example.com'),
(2, 'Tran Minh H', 'Artificial Intelligence', 'h.tran@example.com'),
(3, 'Le Thi I', 'Software Engineering', 'i.le@example.com'),
(4, 'Pham Minh J', 'Information Safety', 'j.pham@example.com'),
(5, 'Hoang Thi K', 'Software Engineering', 'k.hoang@example.com');

-- Tạo bảng Classes
CREATE TABLE Classes (
    class_id INT PRIMARY KEY, 
    class_name VARCHAR(100) NOT NULL, 
    teacher_id INT, 
    subject_id INT, 
    semester INT, 
    FOREIGN KEY (teacher_id) REFERENCES Teachers(teacher_id),
    FOREIGN KEY (subject_id) REFERENCES Subjects(subject_id)
);

-- Thêm dữ liệu vào bảng Classes
INSERT INTO Classes (class_id, class_name, teacher_id, subject_id, semester)
VALUES
(1910, 'SE1910 - Software Design', 1, 1, 1),
(1911, 'SE1911 - Data Structures', 2, 2, 1),
(1912, 'SE1912 - Algorithms', 3, 3, 1),
(1913, 'SE1913 - Computer Networks', 4, 4, 1),
(1914, 'SE1914 - Operating Systems', 5, 5, 1);

-- Tạo bảng Grades
CREATE TABLE Grades (
    grade_id INT PRIMARY KEY,
    student_id VARCHAR(8),
    subject_id INT,
    grade DECIMAL(5,2),
    FOREIGN KEY (student_id) REFERENCES Students(student_id),
    FOREIGN KEY (subject_id) REFERENCES Subjects(subject_id)
);

-- Thêm dữ liệu vào bảng Grades
INSERT INTO Grades (grade_id, student_id, subject_id, grade)
VALUES
-- Sinh viên trong lớp 1910 (subject_id = 1, Software Design)
(1, 'HE190001', 1, 8.5),
(2, 'HE190002', 1, 7.0),
(3, 'HE190003', 1, 9.0),
(4, 'HE190004', 1, 6.5),
(5, 'HE190005', 1, 8.0),
(6, 'HE190006', 1, 7.5),
(7, 'HE190007', 1, 9.5),
(8, 'HE190008', 1, 6.0),
(9, 'HE190009', 1, 8.5),
(10, 'HE190010', 1, 7.0),
(11, 'HE190011', 1, 9.0),
(12, 'HE190012', 1, 6.5),
(13, 'HE190013', 1, 8.0),
(14, 'HE190014', 1, 7.5),
(15, 'HE190015', 1, 9.5),
(16, 'HE190016', 1, 6.0),
(17, 'HE190017', 1, 8.5),
(18, 'HE190018', 1, 7.0),
(19, 'HE190019', 1, 9.0),
(20, 'HE190020', 1, 6.5),
(21, 'HE190021', 1, 8.0),
(22, 'HE190022', 1, 7.5),
(23, 'HE190023', 1, 9.5),
(24, 'HE190024', 1, 6.0),
(25, 'HE190025', 1, 8.5),
(26, 'HE190026', 1, 7.0),
(27, 'HE190027', 1, 9.0),
(28, 'HE190028', 1, 6.5),
(29, 'HE190029', 1, 8.0),
(30, 'HE190030', 1, 7.5),
-- Sinh viên trong lớp 1911 (subject_id = 2, Data Structures)
(31, 'HE190031', 2, 9.0),
(32, 'HE190032', 2, 6.5),
(33, 'HE190033', 2, 8.0),
(34, 'HE190034', 2, 7.5),
(35, 'HE190035', 2, 9.5),
(36, 'HE190036', 2, 6.0),
(37, 'HE190037', 2, 8.5),
(38, 'HE190038', 2, 7.0),
(39, 'HE190039', 2, 9.0),
(40, 'HE190040', 2, 6.5),
(41, 'HE190041', 2, 8.0),
(42, 'HE190042', 2, 7.5),
(43, 'HE190043', 2, 9.5),
(44, 'HE190044', 2, 6.0),
(45, 'HE190045', 2, 8.5),
(46, 'HE190046', 2, 7.0),
(47, 'HE190047', 2, 9.0),
(48, 'HE190048', 2, 6.5),
(49, 'HE190049', 2, 8.0),
(50, 'HE190050', 2, 7.5),
(51, 'HE190051', 2, 9.5),
(52, 'HE190052', 2, 6.0),
(53, 'HE190053', 2, 8.5),
(54, 'HE190054', 2, 7.0),
(55, 'HE190055', 2, 9.0),
(56, 'HE190056', 2, 6.5),
(57, 'HE190057', 2, 8.0),
(58, 'HE190058', 2, 7.5),
(59, 'HE190059', 2, 9.5),
(60, 'HE190060', 2, 6.0),
-- Sinh viên trong lớp 1912 (subject_id = 3, Algorithms)
(61, 'HE190061', 3, 8.5),
(62, 'HE190062', 3, 7.0),
(63, 'HE190063', 3, 9.0),
(64, 'HE190064', 3, 6.5),
(65, 'HE190065', 3, 8.0),
(66, 'HE190066', 3, 7.5),
(67, 'HE190067', 3, 9.5),
(68, 'HE190068', 3, 6.0),
(69, 'HE190069', 3, 8.5),
(70, 'HE190070', 3, 7.0),
(71, 'HE190071', 3, 9.0),
(72, 'HE190072', 3, 6.5),
(73, 'HE190073', 3, 8.0),
(74, 'HE190074', 3, 7.5),
(75, 'HE190075', 3, 9.5),
(76, 'HE190076', 3, 6.0),
(77, 'HE190077', 3, 8.5),
(78, 'HE190078', 3, 7.0),
(79, 'HE190079', 3, 9.0),
(80, 'HE190080', 3, 6.5),
(81, 'HE190081', 3, 8.0),
(82, 'HE190082', 3, 7.5),
(83, 'HE190083', 3, 9.5),
(84, 'HE190084', 3, 6.0),
(85, 'HE190085', 3, 8.5),
(86, 'HE190086', 3, 7.0),
(87, 'HE190087', 3, 9.0),
(88, 'HE190088', 3, 6.5),
(89, 'HE190089', 3, 8.0),
(90, 'HE190090', 3, 7.5),
-- Sinh viên trong lớp 1913 (subject_id = 4, Computer Networks)
(91, 'HE190091', 4, 9.0),
(92, 'HE190092', 4, 6.5),
(93, 'HE190093', 4, 8.0),
(94, 'HE190094', 4, 7.5),
(95, 'HE190095', 4, 9.5),
(96, 'HE190096', 4, 6.0),
(97, 'HE190097', 4, 8.5),
(98, 'HE190098', 4, 7.0),
(99, 'HE190099', 4, 9.0),
(100, 'HE190100', 4, 6.5),
(101, 'HE190101', 4, 8.0),
(102, 'HE190102', 4, 7.5),
(103, 'HE190103', 4, 9.5),
(104, 'HE190104', 4, 6.0),
(105, 'HE190105', 4, 8.5),
(106, 'HE190106', 4, 7.0),
(107, 'HE190107', 4, 9.0),
(108, 'HE190108', 4, 6.5),
(109, 'HE190109', 4, 8.0),
(110, 'HE190110', 4, 7.5),
(111, 'HE190111', 4, 9.5),
(112, 'HE190112', 4, 6.0),
(113, 'HE190113', 4, 8.5),
(114, 'HE190114', 4, 7.0),
(115, 'HE190115', 4, 9.0),
(116, 'HE190116', 4, 6.5),
(117, 'HE190117', 4, 8.0),
(118, 'HE190118', 4, 7.5),
(119, 'HE190119', 4, 9.5),
(120, 'HE190120', 4, 6.0),
-- Sinh viên trong lớp 1914 (subject_id = 5, Operating Systems)
(121, 'HE190121', 5, 8.5),
(122, 'HE190122', 5, 7.0),
(123, 'HE190123', 5, 9.0),
(124, 'HE190124', 5, 6.5),
(125, 'HE190125', 5, 8.0),
(126, 'HE190126', 5, 7.5),
(127, 'HE190127', 5, 9.5),
(128, 'HE190128', 5, 6.0),
(129, 'HE190129', 5, 8.5),
(130, 'HE190130', 5, 7.0),
(131, 'HE190131', 5, 9.0),
(132, 'HE190132', 5, 6.5),
(133, 'HE190133', 5, 8.0),
(134, 'HE190134', 5, 7.5),
(135, 'HE190135', 5, 9.5),
(136, 'HE190136', 5, 6.0),
(137, 'HE190137', 5, 8.5),
(138, 'HE190138', 5, 7.0),
(139, 'HE190139', 5, 9.0),
(140, 'HE190140', 5, 6.5);

-- Tạo bảng Student_Class
CREATE TABLE Student_Class (
    student_id VARCHAR(8),
    class_id INT,
    PRIMARY KEY (student_id, class_id),
    FOREIGN KEY (student_id) REFERENCES Students(student_id),
    FOREIGN KEY (class_id) REFERENCES Classes(class_id)
);

-- Thêm dữ liệu vào bảng Student_Class (phân bổ 140 sinh viên vào 5 lớp)
INSERT INTO Student_Class (student_id, class_id)
VALUES
-- Lớp 1910: 30 sinh viên (HE190001 - HE190030)
('HE190001', 1910),
('HE190002', 1910),
('HE190003', 1910),
('HE190004', 1910),
('HE190005', 1910),
('HE190006', 1910),
('HE190007', 1910),
('HE190008', 1910),
('HE190009', 1910),
('HE190010', 1910),
('HE190011', 1910),
('HE190012', 1910),
('HE190013', 1910),
('HE190014', 1910),
('HE190015', 1910),
('HE190016', 1910),
('HE190017', 1910),
('HE190018', 1910),
('HE190019', 1910),
('HE190020', 1910),
('HE190021', 1910),
('HE190022', 1910),
('HE190023', 1910),
('HE190024', 1910),
('HE190025', 1910),
('HE190026', 1910),
('HE190027', 1910),
('HE190028', 1910),
('HE190029', 1910),
('HE190030', 1910),
-- Lớp 1911: 30 sinh viên (HE190031 - HE190060)
('HE190031', 1911),
('HE190032', 1911),
('HE190033', 1911),
('HE190034', 1911),
('HE190035', 1911),
('HE190036', 1911),
('HE190037', 1911),
('HE190038', 1911),
('HE190039', 1911),
('HE190040', 1911),
('HE190041', 1911),
('HE190042', 1911),
('HE190043', 1911),
('HE190044', 1911),
('HE190045', 1911),
('HE190046', 1911),
('HE190047', 1911),
('HE190048', 1911),
('HE190049', 1911),
('HE190050', 1911),
('HE190051', 1911),
('HE190052', 1911),
('HE190053', 1911),
('HE190054', 1911),
('HE190055', 1911),
('HE190056', 1911),
('HE190057', 1911),
('HE190058', 1911),
('HE190059', 1911),
('HE190060', 1911),
-- Lớp 1912: 30 sinh viên (HE190061 - HE190090)
('HE190061', 1912),
('HE190062', 1912),
('HE190063', 1912),
('HE190064', 1912),
('HE190065', 1912),
('HE190066', 1912),
('HE190067', 1912),
('HE190068', 1912),
('HE190069', 1912),
('HE190070', 1912),
('HE190071', 1912),
('HE190072', 1912),
('HE190073', 1912),
('HE190074', 1912),
('HE190075', 1912),
('HE190076', 1912),
('HE190077', 1912),
('HE190078', 1912),
('HE190079', 1912),
('HE190080', 1912),
('HE190081', 1912),
('HE190082', 1912),
('HE190083', 1912),
('HE190084', 1912),
('HE190085', 1912),
('HE190086', 1912),
('HE190087', 1912),
('HE190088', 1912),
('HE190089', 1912),
('HE190090', 1912),
-- Lớp 1913: 30 sinh viên (HE190091 - HE190120)
('HE190091', 1913),
('HE190092', 1913),
('HE190093', 1913),
('HE190094', 1913),
('HE190095', 1913),
('HE190096', 1913),
('HE190097', 1913),
('HE190098', 1913),
('HE190099', 1913),
('HE190100', 1913),
('HE190101', 1913),
('HE190102', 1913),
('HE190103', 1913),
('HE190104', 1913),
('HE190105', 1913),
('HE190106', 1913),
('HE190107', 1913),
('HE190108', 1913),
('HE190109', 1913),
('HE190110', 1913),
('HE190111', 1913),
('HE190112', 1913),
('HE190113', 1913),
('HE190114', 1913),
('HE190115', 1913),
('HE190116', 1913),
('HE190117', 1913),
('HE190118', 1913),
('HE190119', 1913),
('HE190120', 1913),
-- Lớp 1914: 20 sinh viên (HE190121 - HE190140)
('HE190121', 1914),
('HE190122', 1914),
('HE190123', 1914),
('HE190124', 1914),
('HE190125', 1914),
('HE190126', 1914),
('HE190127', 1914),
('HE190128', 1914),
('HE190129', 1914),
('HE190130', 1914),
('HE190131', 1914),
('HE190132', 1914),
('HE190133', 1914),
('HE190134', 1914),
('HE190135', 1914),
('HE190136', 1914),
('HE190137', 1914),
('HE190138', 1914),
('HE190139', 1914),
('HE190140', 1914);
